Id,Position,First Name,Nickname,Last Name,FPPG,Played,Salary,Game,Team,Opponent,Injury Indicator,Injury Details
17202-12528,D,Cincinnati,,Bengals,5.583333333,12,5000,CIN@CLE,CIN,CLE,,
17202-12531,D,Denver,,Broncos,10.91666667,12,4900,DEN@TEN,DEN,TEN,,
17202-12540,D,Minnesota,,Vikings,10.91666667,12,4800,MIN@JAC,MIN,JAC,,
17202-12525,D,Atlanta,,Falcons,5.75,12,4700,ATL@LA,ATL,LA,,
17202-12546,D,Arizona,,Cardinals,8.333333333,12,4700,ARI@MIA,ARI,MIA,,
17202-12550,D,Seattle,,Seahawks,8.333333333,12,4700,SEA@GB,SEA,GB,,
17202-12556,D,Houston,,Texans,5.416666667,12,4700,HOU@IND,HOU,IND,,
17202-12530,D,Dallas,,Cowboys,4.583333333,12,4600,DAL@NYG,DAL,NYG,,
17202-12532,D,Detroit,,Lions,6.75,12,4600,CHI@DET,DET,CHI,,
17202-12552,D,Washington,,Redskins,5.75,12,4600,WAS@PHI,WAS,PHI,,
17202-12534,D,Tennessee,,Titans,5.583333333,12,4500,DEN@TEN,TEN,DEN,,
17202-12539,D,Miami,,Dolphins,7.083333333,12,4500,ARI@MIA,MIA,ARI,,
17202-12543,D,New York,,Giants,7.916666667,12,4500,DAL@NYG,NYG,DAL,,
17202-12544,D,New York,,Jets,3.75,12,4500,NYJ@SF,NYJ,SF,,
17202-12547,D,Pittsburgh,,Steelers,6.583333333,12,4500,PIT@BUF,PIT,BUF,,
17202-12548,D,San Diego,,Chargers,7.833333333,12,4500,SD@CAR,SD,CAR,,
17202-12526,D,Buffalo,,Bills,7.333333333,12,4400,PIT@BUF,BUF,PIT,,
17202-12533,D,Green Bay,,Packers,5.083333333,12,4400,SEA@GB,GB,SEA,,
17202-12535,D,Indianapolis,,Colts,4.833333333,12,4400,HOU@IND,IND,HOU,,
17202-12553,D,Carolina,,Panthers,7,12,4400,SD@CAR,CAR,SD,,
17202-12527,D,Chicago,,Bears,6.166666667,12,4200,CHI@DET,CHI,DET,,
17202-12545,D,Philadelphia,,Eagles,8.583333333,12,4200,WAS@PHI,PHI,WAS,,
17202-12549,D,San Francisco,,49ers,3.666666667,12,4200,NYJ@SF,SF,NYJ,,
17202-12554,D,Jacksonville,,Jaguars,3.166666667,12,4200,MIN@JAC,JAC,MIN,,
17202-12538,D,Los Angeles,,Rams,6.416666667,12,4100,ATL@LA,LA,ATL,,
17202-12551,D,Tampa Bay,,Buccaneers,8.333333333,12,4100,NO@TB,TB,NO,,
17202-12529,D,Cleveland,,Browns,2.916666667,12,4000,CIN@CLE,CLE,CIN,,
17202-12542,D,New Orleans,,Saints,4.083333333,12,4000,NO@TB,NO,TB,,
17202-10647,K,Matt,,Bryant,10.91666667,12,5200,ATL@LA,ATL,LA,,
17202-6668,K,Adam,,Vinatieri,9.833333333,12,5100,HOU@IND,IND,HOU,,
17202-6782,K,Matt,,Prater,10,12,4900,CHI@DET,DET,CHI,,
17202-48380,K,Wil,,Lutz,8.666666667,12,4800,NO@TB,NO,TB,,
17202-6427,K,Connor,,Barth,5.75,12,4800,CHI@DET,CHI,DET,,
17202-24912,K,Dustin,,Hopkins,10.25,12,4800,WAS@PHI,WAS,PHI,,
17202-10744,K,Graham,,Gano,7.666666667,12,4800,SD@CAR,CAR,SD,,
17202-6724,K,Steven,,Hauschka,9.083333333,12,4700,SEA@GB,SEA,GB,,
17202-14952,K,Dan,,Bailey,9.166666667,12,4700,DAL@NYG,DAL,NYG,,
17202-6897,K,Mason,,Crosby,7.75,12,4700,SEA@GB,GB,SEA,,
17202-32058,K,Chris,,Boswell,6.181818182,11,4600,PIT@BUF,PIT,BUF,Q,Abdomen
17202-22100,K,Randy,,Bullock,6.5,2,4600,PIT@BUF,PIT,BUF,,
17202-26247,K,Brandon,,McManus,9.416666667,12,4600,DEN@TEN,DEN,TEN,,
17202-6810,K,Dan,,Carpenter,6.75,12,4600,PIT@BUF,BUF,PIT,,
17202-32429,K,Josh,,Lambo,8.583333333,12,4600,SD@CAR,SD,CAR,,
17202-12090,K,Nick,,Novak,8.727272727,11,4600,HOU@IND,HOU,IND,,
17202-24569,K,Chandler,,Catanzaro,6.75,12,4600,ARI@MIA,ARI,MIA,,
17202-62619,K,Andrew,,Franks,5.666666667,12,4500,ARI@MIA,MIA,ARI,,
17202-24882,K,Roberto,,Aguayo,6,12,4500,NO@TB,TB,NO,,
17202-60745,K,Jason,,Myers,6.833333333,12,4500,MIN@JAC,JAC,MIN,,
17202-6636,K,Mike,,Nugent,7.583333333,12,4500,CIN@CLE,CIN,CLE,,
17202-6642,K,Nick,,Folk,6.5,12,4500,NYJ@SF,NYJ,SF,,
17202-6702,K,Phil,,Dawson,7,12,4500,NYJ@SF,SF,NYJ,,
17202-31280,K,Cody,,Parkey,6.2,10,4500,CIN@CLE,CLE,CIN,,
17202-30261,K,Caleb,,Sturgis,9.083333333,12,4500,WAS@PHI,PHI,WAS,,
17202-22109,K,Greg,,Zuerlein,6.636363636,11,4500,ATL@LA,LA,ATL,,
17202-6767,K,Ryan,,Succop,7.333333333,12,4500,DEN@TEN,TEN,DEN,,
17202-6910,K,Robbie,,Gould,3.666666667,6,4500,DAL@NYG,NYG,DAL,,
17202-15176,K,Kai,,Forbath,7.666666667,3,4500,MIN@JAC,MIN,JAC,,
17202-6504,QB,Drew,,Brees,22.78500112,12,8700,NO@TB,NO,TB,,
17202-6654,QB,Matthew,,Stafford,18.81333288,12,8500,CHI@DET,DET,CHI,,
17202-6616,QB,Matt,,Ryan,22.01833344,12,8300,ATL@LA,ATL,LA,,
17202-24849,QB,Jameis,,Winston,18.52500025,12,8200,NO@TB,TB,NO,,
17202-21939,QB,Andrew,,Luck,21.58181763,11,8200,HOU@IND,IND,HOU,,
17202-6589,QB,Ben,,Roethlisberger,20.32363614,11,8100,PIT@BUF,PIT,BUF,,
17202-6894,QB,Aaron,,Rodgers,23.53500112,12,8000,SEA@GB,GB,SEA,,
17202-7968,QB,Philip,,Rivers,18.12666702,12,8000,SD@CAR,SD,CAR,,
17202-31716,QB,Dak,,Prescott,19.72166697,12,8000,DAL@NYG,DAL,NYG,,
17202-22015,QB,Russell,,Wilson,16.65666707,12,7900,SEA@GB,SEA,GB,,
17202-29358,QB,Marcus,,Mariota,20.57666651,12,7900,DEN@TEN,TEN,DEN,,
17202-14185,QB,Cam,,Newton,19.19636397,11,7800,SD@CAR,CAR,SD,,
17202-6826,QB,Eli,,Manning,16.26499939,12,7700,DAL@NYG,NYG,DAL,,
17202-14225,QB,Andy,,Dalton,17.76666641,12,7700,CIN@CLE,CIN,CLE,,
17202-14377,QB,Tyrod,,Taylor,17.79833349,12,7600,PIT@BUF,BUF,PIT,,
17202-22038,QB,Kirk,,Cousins,20.11166636,12,7600,WAS@PHI,WAS,PHI,,
17202-6748,QB,Carson,,Palmer,17.05818176,11,7400,ARI@MIA,ARI,MIA,,
17202-14231,QB,Colin,,Kaepernick,19.43714251,7,7300,NYJ@SF,SF,NYJ,,
17202-7659,QB,Ryan,,Fitzpatrick,11.71999983,11,7200,NYJ@SF,NYJ,SF,,
17202-21948,QB,Ryan,,Tannehill,15.28333282,12,7100,ARI@MIA,MIA,ARI,,
17202-28434,QB,Trevor,,Siemian,15.26399994,10,7000,DEN@TEN,DEN,TEN,Q,Foot
17202-11414,QB,Sam,,Bradford,13.7436357,11,6900,MIN@JAC,MIN,JAC,,
17202-34308,QB,Blake,,Bortles,18.54166667,12,6900,MIN@JAC,JAC,MIN,,
17202-38435,QB,Jared,,Goff,10.78666687,3,6700,ATL@LA,LA,ATL,,
17202-21994,QB,Brock,,Osweiler,13.30500031,12,6500,HOU@IND,HOU,IND,,
17202-70324,QB,Carson,,Wentz,14.16166687,12,6500,WAS@PHI,PHI,WAS,,
17202-6803,QB,Josh,,McCown,11.61999969,5,6400,CIN@CLE,CLE,CIN,Q,Finger
17202-14194,QB,Blaine,,Gabbert,13.19999949,6,6300,NYJ@SF,SF,NYJ,,
17202-21941,QB,Robert,,Griffin III,10.30000019,1,6200,CIN@CLE,CLE,CIN,IR,Shoulder
17202-29605,QB,Matt,,Barkley,10.58666674,3,6200,CHI@DET,CHI,DET,,
17202-31798,QB,Bryce,,Petty,5.893333435,3,6100,NYJ@SF,NYJ,SF,,
17202-33463,QB,Paxton,,Lynch,9.793333054,3,6100,DEN@TEN,DEN,TEN,,
17202-29715,QB,Kevin,,Hogan,6.219999949,3,6000,CIN@CLE,CLE,CIN,,
17202-25812,QB,Stephen,,Morris,0,0,6000,HOU@IND,IND,HOU,,
17202-14696,QB,Scott,,Tolzien,5.46999979,2,6000,HOU@IND,IND,HOU,,
17202-21959,QB,Brandon,,Weeden,11.40333303,6,6000,HOU@IND,HOU,IND,,
17202-22994,QB,Case,,Keenum,13.42888896,9,6000,ATL@LA,LA,ATL,,
17202-6639,QB,Tony,,Romo,11.91499996,4,6000,DAL@NYG,DAL,NYG,,
17202-6679,QB,Matt,,Schaub,-0.200000003,1,6000,ATL@LA,ATL,LA,,
17202-7744,QB,Drew,,Stanton,3.265000105,4,6000,ARI@MIA,ARI,MIA,,
17202-7778,QB,Matt,,Cassel,0.25,2,6000,DEN@TEN,TEN,DEN,,
17202-6844,QB,Shaun,,Hill,5.239999771,2,6000,MIN@JAC,MIN,JAC,,
17202-7872,QB,Brian,,Hoyer,13.26666641,6,6000,CHI@DET,CHI,DET,IR,Forearm
17202-32514,QB,Trevone,,Boykin,2.173333327,3,6000,SEA@GB,SEA,GB,,
17202-27405,QB,Landry,,Jones,2.306666692,6,6000,PIT@BUF,PIT,BUF,,
17202-7970,QB,Charlie,,Whitehurst,10.38000011,1,6000,CIN@CLE,CLE,CIN,,
17202-25410,QB,Mike,,Glennon,9,1,6000,NO@TB,TB,NO,,
17202-29587,QB,Cody,,Kessler,9.819999695,8,6000,CIN@CLE,CLE,CIN,,
17202-31047,QB,AJ,,McCarron,8.17999976,7,5900,CIN@CLE,CIN,CLE,,
17202-11500,QB,Colt,,McCoy,8.819999695,1,5500,WAS@PHI,WAS,PHI,,
17202-22848,QB,Austin,,Davis,7.393333435,3,5500,DEN@TEN,DEN,TEN,,
17202-6808,QB,Matt,,Moore,0.360000014,1,5500,ARI@MIA,MIA,ARI,,
17202-7844,QB,Chad,,Henne,-0.200000003,1,5500,MIN@JAC,JAC,MIN,,
17202-14198,QB,Christian,,Ponder,0,0,5200,NYJ@SF,SF,NYJ,,
17202-53331,QB,Taylor,,Heinicke,0,0,5000,MIN@JAC,MIN,JAC,,
17202-27801,QB,Nate,,Sudfeld,0,0,5000,WAS@PHI,WAS,PHI,,
17202-29915,QB,Brett,,Hundley,-0.159999996,2,5000,SEA@GB,GB,SEA,,
17202-6373,QB,Derek,,Anderson,5.380000114,4,5000,SD@CAR,CAR,SD,,
17202-26877,QB,Jake,,Heaps,0,0,5000,SEA@GB,SEA,GB,,
17202-27982,QB,Jake,,Rudock,0,0,5000,CHI@DET,DET,CHI,,
17202-11615,QB,Joe,,Webb,0.200000003,4,5000,SD@CAR,CAR,SD,,
17202-25969,QB,Tom,,Savage,0,0,5000,HOU@IND,HOU,IND,,
17202-24949,QB,EJ,,Manuel,1.699999968,3,5000,PIT@BUF,BUF,PIT,,
17202-54705,QB,Dustin,,Vaughan,0,0,5000,PIT@BUF,PIT,BUF,,
17202-31170,QB,Brandon,,Allen,0,0,5000,MIN@JAC,JAC,MIN,,
17202-44500,QB,Keith,,Wenning,0,0,5000,CIN@CLE,CIN,CLE,,
17202-70127,QB,Griffin,,Neal,0,0,5000,NO@TB,NO,TB,,
17202-26141,QB,Ryan,,Nassib,6.71999979,1,5000,DAL@NYG,NYG,DAL,,
17202-6687,QB,Mark,,Sanchez,0.119999997,1,5000,DAL@NYG,DAL,NYG,,
17202-23075,QB,Alex,,Tanney,7.960000038,1,5000,DEN@TEN,TEN,DEN,,
17202-30253,QB,Jeff,,Driskel,0,0,5000,CIN@CLE,CIN,CLE,,
17202-8803,QB,Chase,,Daniel,-0.02,2,5000,WAS@PHI,PHI,WAS,,
17202-32366,QB,Jameill,,Showers,0,0,5000,DAL@NYG,DAL,NYG,,
17202-34459,QB,B.J.,,Daniels,0.920000017,4,5000,CHI@DET,CHI,DET,,
17202-47772,QB,Brandon,,Doughty,0,0,5000,ARI@MIA,MIA,ARI,,
17202-31421,QB,Zach,,Mettenberger,7.028571538,7,5000,PIT@BUF,PIT,BUF,,
17202-45797,QB,Garrett,,Grayson,0,1,5000,NO@TB,NO,TB,,
17202-7919,QB,Kellen,,Clemens,-0.100000001,1,5000,SD@CAR,SD,CAR,,
17202-26355,QB,Logan,,Thomas,0,0,5000,PIT@BUF,BUF,PIT,,
17202-41732,QB,Christian,,Hackenberg,0,0,5000,NYJ@SF,NYJ,SF,,
17202-29445,QB,Sean,,Mannion,1.24000001,1,5000,ATL@LA,LA,ATL,,
17202-70446,QB,Joe,,Callahan,0,0,5000,SEA@GB,GB,SEA,,
17202-70464,QB,Josh,,Woodrum,0,0,5000,CHI@DET,CHI,DET,,
17202-8023,QB,Josh,,Johnson,0,0,5000,DAL@NYG,NYG,DAL,,
17202-28515,QB,Cardale,,Jones,0,0,5000,PIT@BUF,BUF,PIT,,
17202-8051,QB,Luke,,McCown,6.199999809,2,5000,NO@TB,NO,TB,,
17202-8071,QB,Dan,,Orlovsky,5.519999981,2,5000,CHI@DET,DET,CHI,,
17202-33702,QB,Ryan,,Griffin,0,0,5000,NO@TB,TB,NO,,
17202-43956,QB,David,,Fales,0,0,5000,CHI@DET,CHI,DET,,
17202-62497,RB,David,,Johnson,24.24166616,12,9700,ARI@MIA,ARI,MIA,,
17202-28181,RB,Le'Veon,,Bell,20.81111145,9,9000,PIT@BUF,PIT,BUF,,
17202-38791,RB,Ezekiel,,Elliott,20.89166641,12,8500,DAL@NYG,DAL,NYG,,
17202-6779,RB,LeSean,,McCoy,18,11,8300,PIT@BUF,BUF,PIT,,
17202-28900,RB,Melvin,,Gordon,19.13333384,12,8200,SD@CAR,SD,CAR,,
17202-14254,RB,DeMarco,,Murray,18.84166718,12,7900,DEN@TEN,TEN,DEN,,
17202-42142,RB,Jordan,,Howard,14.31818182,11,7800,CHI@DET,CHI,DET,,
17202-6899,RB,Matt,,Forte,13.70833333,12,7700,NYJ@SF,NYJ,SF,,
17202-24920,RB,Devonta,,Freeman,15.23333359,12,7500,ATL@LA,ATL,LA,,
17202-21970,RB,Doug,,Martin,9.799999873,6,7300,NO@TB,TB,NO,Q,Undisclosed
17202-22037,RB,Lamar,,Miller,11.75,12,7200,HOU@IND,HOU,IND,,
17202-46882,RB,Jay,,Ajayi,13.91818237,11,7200,ARI@MIA,MIA,ARI,,
17202-14211,RB,Mark,,Ingram,13.30833308,12,7100,NO@TB,NO,TB,,
17202-31397,RB,Jeremy,,Hill,10.97499975,12,6900,CIN@CLE,CIN,CLE,,
17202-30447,RB,Todd,,Gurley,10.90833282,12,6900,ATL@LA,LA,ATL,,
17202-28473,RB,Carlos,,Hyde,13.41999969,10,6900,NYJ@SF,SF,NYJ,,
17202-39580,RB,Devontae,,Booker,7.400000254,12,6600,DEN@TEN,DEN,TEN,,
17202-28095,RB,Thomas,,Rawls,9.6,5,6500,SEA@GB,SEA,GB,,
17202-6703,RB,Adrian,,Peterson,3.349999905,2,6500,MIN@JAC,MIN,JAC,IR,Knee - meniscus
17202-6733,RB,Jonathan,,Stewart,10.65555573,9,6500,SD@CAR,CAR,SD,,
17202-33465,RB,Theo,,Riddick,13.53000031,10,6300,CHI@DET,DET,CHI,,
17202-8052,RB,Rashad,,Jennings,10.12222205,9,6100,DAL@NYG,NYG,DAL,,
17202-54608,RB,Jerick,,McKinnon,6.354545593,11,6000,MIN@JAC,MIN,JAC,,
17202-6840,RB,Frank,,Gore,12.65000025,12,6000,HOU@IND,IND,HOU,,
17202-6828,RB,Tim,,Hightower,6.641666412,12,5900,NO@TB,NO,TB,,
17202-33766,RB,Rob,,Kelley,8.480000305,10,5900,WAS@PHI,WAS,PHI,,
17202-14757,RB,Matt,,Asiata,7.5,12,5800,MIN@JAC,MIN,JAC,,
17202-11609,RB,James,,Starks,6.137499809,8,5700,SEA@GB,GB,SEA,,
17202-11864,RB,Chris,,Ivory,6.966666751,9,5700,MIN@JAC,JAC,MIN,Q,Hamstring
17202-7972,RB,Darren,,Sproles,8.924999873,12,5600,WAS@PHI,PHI,WAS,,
17202-14320,RB,Bilal,,Powell,7.025000254,12,5600,NYJ@SF,NYJ,SF,,
17202-54684,RB,Isaiah,,Crowell,11.15833282,12,5500,CIN@CLE,CLE,CIN,,
17202-45683,RB,Kapri,,Bibbs,3.424999952,8,5500,DEN@TEN,DEN,TEN,IR,Ankle
17202-27776,RB,Tevin,,Coleman,12.78888872,9,5400,ATL@LA,ATL,LA,,
17202-38509,RB,Wendell,,Smallwood,4.49090923,11,5400,WAS@PHI,PHI,WAS,,
17202-31061,RB,T.J.,,Yeldon,7.583333333,12,5300,MIN@JAC,JAC,MIN,,
17202-30237,RB,Mike,,Gillislee,7.954545455,11,5300,PIT@BUF,BUF,PIT,,
17202-24891,RB,Chris,,Thompson,6.974999746,12,5100,WAS@PHI,WAS,PHI,,
17202-31406,RB,Alfred,,Blue,2.65,10,5100,HOU@IND,HOU,IND,,
17202-39280,RB,Derrick,,Henry,5.840000153,10,5000,DEN@TEN,TEN,DEN,,
17202-25837,RB,Duke,,Johnson Jr.,7.883333206,12,4900,CIN@CLE,CLE,CIN,,
17202-29734,RB,Ty,,Montgomery,5.409090909,11,4800,SEA@GB,GB,SEA,,
17202-14643,RB,DuJuan,,Harris,5.25,6,4700,NYJ@SF,SF,NYJ,,
17202-22113,RB,Alfred,,Morris,3.075000127,12,4700,DAL@NYG,DAL,NYG,,
17202-32418,RB,Christine,,Michael,9.890909368,11,4700,SEA@GB,GB,SEA,,
17202-14336,RB,Jacquizz,,Rodgers,8.728571211,7,4600,NO@TB,TB,NO,,
17202-31871,RB,Charles,,Sims,9.949999809,4,4600,NO@TB,TB,NO,IR,Knee
17202-11425,RB,Ryan,,Mathews,10.35999985,10,4600,WAS@PHI,PHI,WAS,Q,Knee - mcl
17202-11712,RB,Joique,,Bell,0.600000024,1,4600,CHI@DET,DET,CHI,,
17202-28202,RB,Jeremy,,Langford,5.625,8,4600,CHI@DET,CHI,DET,,
17202-15006,RB,Shaun,,Draughn,4.929999924,10,4600,NYJ@SF,SF,NYJ,,
17202-29357,RB,Kenjon,,Barner,2.75,10,4600,WAS@PHI,PHI,WAS,,
17202-27411,RB,Aaron,,Ripkowski,3.412499905,8,4600,SEA@GB,GB,SEA,,
17202-27441,RB,Damien,,Williams,5.972726995,11,4600,ARI@MIA,MIA,ARI,,
17202-57348,RB,Glenn,,Winston,-2.799999952,1,4500,CIN@CLE,CLE,CIN,IR,Shoulder
17202-46088,RB,Jhurell,,Pressley,0,0,4500,ATL@LA,ATL,LA,,
17202-12305,RB,Will,,Tukuafu,0.066666668,3,4500,SEA@GB,SEA,GB,Q,Concussion
17202-29723,RB,Stepfan,,Taylor,0.600000024,2,4500,ARI@MIA,ARI,MIA,,
17202-14369,RB,Jordan,,Todman,1.111111111,9,4500,HOU@IND,IND,HOU,,
17202-26657,RB,Christian,,Powell,0,0,4500,PIT@BUF,PIT,BUF,,
17202-21547,RB,Will,,Johnson,2.260000038,5,4500,DAL@NYG,NYG,DAL,IR,Shoulder
17202-27692,RB,Josh,,Ferguson,2.55,10,4500,HOU@IND,IND,HOU,,
17202-28721,RB,Brandon,,Cottom,0,0,4500,SEA@GB,SEA,GB,IR,Achilles
17202-14406,RB,Bruce,,Miller,2.589999962,10,4500,NYJ@SF,SF,NYJ,,
17202-28744,RB,Raheem,,Mostert,-0.25,8,4500,NYJ@SF,SF,NYJ,,
17202-29768,RB,Patrick,,Skov,0,0,4500,CIN@CLE,CLE,CIN,,
17202-7244,RB,John,,Kuhn,4.520000076,10,4500,NO@TB,NO,TB,,
17202-62544,RB,Brandon,,Wegher,0,1,4500,SD@CAR,CAR,SD,,
17202-25694,RB,Andre,,Williams,2.181250095,16,4500,SD@CAR,SD,CAR,,
17202-24679,RB,Zac,,Brooks,0,0,4500,SEA@GB,SEA,GB,,
17202-24682,RB,Andre,,Ellington,1.591666698,12,4500,ARI@MIA,ARI,MIA,,
17202-29805,RB,Ryan,,Hewitt,1,1,4500,CIN@CLE,CIN,CLE,,
17202-31874,RB,Kenneth,,Farrow,1.128571442,7,4500,SD@CAR,SD,CAR,,
17202-28815,RB,Akeem,,Hunt,1.875,4,4500,HOU@IND,HOU,IND,,
17202-62616,RB,Zach,,Zenner,4.41428566,7,4500,CHI@DET,DET,CHI,,
17202-11419,RB,C.J.,,Spiller,2.633333365,6,4500,NYJ@SF,NYJ,SF,,
17202-62623,RB,John,,Crockett,1.049999952,2,4500,SEA@GB,GB,SEA,IR,Shoulder
17202-62631,RB,Gus,,Johnson,0,0,4500,ATL@LA,ATL,LA,,
17202-29866,RB,Paul,,Perkins,4.477777693,9,4500,DAL@NYG,NYG,DAL,,
17202-25783,RB,Mike,,James,2.033333302,3,4500,CHI@DET,DET,CHI,,
17202-33978,RB,Devon,,Johnson,0,0,4500,SD@CAR,CAR,SD,IR,Undisclosed
17202-11454,RB,Dexter,,McCluster,1.216666698,6,4500,SD@CAR,SD,CAR,O,Forearm
17202-28890,RB,Derek,,Watt,1.720000076,5,4500,SD@CAR,SD,CAR,,
17202-24797,RB,Juwan,,Thompson,3.299999952,2,4500,DEN@TEN,DEN,TEN,,
17202-22774,RB,Jonas,,Gray,4.100000109,7,4500,MIN@JAC,JAC,MIN,,
17202-30989,RB,Kenyan,,Drake,3.244444529,9,4500,ARI@MIA,MIA,ARI,,
17202-30990,RB,Jalston,,Fowler,1.899999976,1,4500,DEN@TEN,TEN,DEN,,
17202-29991,RB,Bishop,,Sankey,4.183333397,12,4500,MIN@JAC,MIN,JAC,,
17202-26934,RB,Toben,,Opurum,0,2,4500,DEN@TEN,DEN,TEN,,
17202-29003,RB,Ka'Deem,,Carey,2.255555471,9,4500,CHI@DET,CHI,DET,,
17202-14683,RB,Patrick,,DiMarco,1.942857197,7,4500,ATL@LA,ATL,LA,,
17202-28021,RB,Sione,,Houma,0,0,4500,NO@TB,NO,TB,,
17202-54651,RB,Dominique,,Williams,0,0,4500,NYJ@SF,NYJ,SF,,
17202-37245,RB,Fozzy,,Whittaker,4.083333333,12,4500,SD@CAR,CAR,SD,,
17202-38269,RB,Cameron,,Artis-Payne,9.333333333,3,4500,SD@CAR,CAR,SD,,
17202-28030,RB,Fitzgerald,,Toussaint,0.742857116,7,4500,PIT@BUF,PIT,BUF,,
17202-6566,RB,Chris,,Johnson,3.875,4,4500,ARI@MIA,ARI,MIA,IR,Groin
17202-22958,RB,Bobby,,Rainey,3.200000048,8,4500,DAL@NYG,NYG,DAL,,
17202-28088,RB,Denard,,Robinson,3.279999924,5,4500,MIN@JAC,JAC,MIN,Q,Ankle
17202-32185,RB,Zach,,Line,0.3,5,4500,MIN@JAC,MIN,JAC,,
17202-10695,RB,Darrel,,Young,0.688888868,9,4500,CHI@DET,CHI,DET,,
17202-26057,RB,Michael,,Burton,0,1,4500,CHI@DET,DET,CHI,,
17202-22991,RB,Jonathan,,Grimes,3.060000038,5,4500,HOU@IND,HOU,IND,,
17202-31184,RB,Jonathan,,Williams,1.966666698,6,4500,PIT@BUF,BUF,PIT,,
17202-25052,RB,Zach,,Laskey,0,0,4500,ATL@LA,LA,ATL,IR,Undisclosed
17202-26076,RB,Sam,,Bergen,0,0,4500,DEN@TEN,TEN,DEN,,
17202-21984,RB,Isaiah,,Pead,1.649999976,2,4500,ARI@MIA,MIA,ARI,,
17202-32234,RB,Malcolm,,Brown,1.5,4,4500,ATL@LA,LA,ATL,,
17202-43504,RB,Don,,Jackson,1.066666683,3,4500,SEA@GB,GB,SEA,IR,Knee
17202-6643,RB,Reggie,,Bush,2.575000048,8,4500,PIT@BUF,BUF,PIT,,
17202-22003,RB,Ronnie,,Hillman,2.260000038,5,4500,SD@CAR,SD,CAR,,
17202-45562,RB,Paul,,Lasike,0.320000005,5,4500,CHI@DET,CHI,DET,,
17202-6653,RB,Jerome,,Felton,0.644444466,9,4500,PIT@BUF,BUF,PIT,,
17202-22029,RB,Bernard,,Pierce,0.824999988,4,4500,NYJ@SF,NYJ,SF,,
17202-31261,RB,Tre,,Mason,3.269230769,13,4500,ATL@LA,LA,ATL,O,Personal
17202-39455,RB,Kerwynn,,Williams,3.46666654,6,4500,ARI@MIA,ARI,MIA,,
17202-22048,RB,Robert,,Turbin,4.581818321,11,4500,HOU@IND,IND,HOU,,
17202-30244,RB,Matt,,Jones,10.18571472,7,4500,WAS@PHI,WAS,PHI,,
17202-31269,RB,Corey,,Grant,1.366666635,6,4500,MIN@JAC,JAC,MIN,,
17202-7718,RB,Cedric,,Peerman,0,4,4500,CIN@CLE,CIN,CLE,,
17202-27199,RB,Marcus,,Murphy,0.400000006,2,4500,NO@TB,NO,TB,,
17202-6732,RB,DeAngelo,,Williams,9.742856707,7,4500,PIT@BUF,PIT,BUF,Q,Knee
17202-39512,RB,Kendall,,Gaskins,3.674999952,4,4500,NYJ@SF,SF,NYJ,,
17202-28249,RB,David,,Cobb,2.985714231,7,4500,CHI@DET,CHI,DET,,
17202-31321,RB,Jay,,Prosch,0.375,4,4500,HOU@IND,HOU,IND,,
17202-27229,RB,Ameer,,Abdullah,12.14999962,2,4500,CHI@DET,DET,CHI,IR,Foot
17202-30307,RB,Mack,,Brown,0,0,4500,WAS@PHI,WAS,PHI,,
17202-22116,RB,Cyrus,,Gray,0,0,4500,ATL@LA,ATL,LA,,
17202-64104,RB,Terrell,,Watson,0,0,4500,DEN@TEN,DEN,TEN,,
17202-38517,RB,Dreamius,,Smith,0,2,4500,PIT@BUF,PIT,BUF,,
17202-30326,RB,Keith,,Marshall,0,0,4500,WAS@PHI,WAS,PHI,IR,Elbow
17202-29304,RB,Daniel,,Lasco,1.76666673,3,4500,NO@TB,NO,TB,Q,Hamstring
17202-7806,RB,Darren,,McFadden,10.98124981,16,4500,DAL@NYG,DAL,NYG,O,Elbow
17202-27273,RB,Andy,,Janovich,2.314285823,7,4500,DEN@TEN,DEN,TEN,IR,Ankle
17202-32410,RB,Trey,,Williams,1.200000048,1,4500,HOU@IND,IND,HOU,,
17202-22188,RB,Daryl,,Richardson,0.349999994,2,4500,PIT@BUF,PIT,BUF,,
17202-33472,RB,C.J.,,Prosise,8.75,6,4500,SEA@GB,SEA,GB,O,Shoulder
17202-6857,RB,Justin,,Forsett,5.040000153,5,4500,DEN@TEN,DEN,TEN,,
17202-27338,RB,Rex,,Burkhead,2.814285823,7,4500,CIN@CLE,CIN,CLE,,
17202-47828,RB,Antonio,,Andrews,0.5,3,4500,DEN@TEN,TEN,DEN,,
17202-29404,RB,Byron,,Marshall,0,0,4500,WAS@PHI,PHI,WAS,,
17202-39649,RB,Benny,,Cunningham,2.472727342,11,4500,ATL@LA,LA,ATL,,
17202-44784,RB,Darius,,Jackson,0,0,4500,DAL@NYG,DAL,NYG,,
17202-22258,RB,Travaris,,Cadet,3.809999847,10,4500,NO@TB,NO,TB,,
17202-44791,RB,Bronson,,Hill,0,0,4500,MIN@JAC,JAC,MIN,,
17202-22292,RB,Lance,,Dunbar,2.275000095,8,4500,DAL@NYG,DAL,NYG,,
17202-33571,RB,George,,Atkinson III,0,7,4500,CIN@CLE,CLE,CIN,,
17202-7975,RB,Mike,,Tolbert,1.275000016,12,4500,SD@CAR,CAR,SD,,
17202-15178,RB,Chase,,Reynolds,0,1,4500,ATL@LA,LA,ATL,,
17202-44893,RB,Roosevelt,,Nix,0.866666635,3,4500,PIT@BUF,PIT,BUF,,
17202-29540,RB,Terron,,Ward,3.03333346,3,4500,ATL@LA,ATL,LA,,
17202-70501,RB,C.J.,,Ham,0,0,4500,MIN@JAC,MIN,JAC,,
17202-28545,RB,Rod,,Smith,0.449999988,2,4500,DAL@NYG,DAL,NYG,,
17202-40843,RB,Alex,,Collins,2.033333302,6,4500,SEA@GB,SEA,GB,,
17202-40857,RB,Peyton,,Barber,3.962500095,8,4500,NO@TB,TB,NO,,
17202-33691,RB,Orleans,,Darkwa,6.324999809,4,4500,DAL@NYG,NYG,DAL,IR,Lower leg
17202-14245,RB,Shane,,Vereen,9.400000254,3,4500,DAL@NYG,NYG,DAL,IR,Triceps
17202-34729,RB,Dwayne,,Washington,3.462500095,8,4500,CHI@DET,DET,CHI,Q,Ankle
17202-30635,RB,Mike,,Davis,1.857142857,7,4500,NYJ@SF,SF,NYJ,,
17202-29624,RB,Tre,,Madden,0,0,4500,SEA@GB,SEA,GB,IR,Undisclosed
17202-29625,RB,George,,Farmer,0.5,2,4500,SEA@GB,SEA,GB,,
17202-43961,RB,Tyler,,Ervin,-0.040000001,10,4500,HOU@IND,HOU,IND,Q,Chest
17202-14266,RB,Daniel,,Thomas,0,0,4500,ARI@MIA,MIA,ARI,,
17202-14268,RB,Stevan,,Ridley,0.699999988,1,4500,ATL@LA,ATL,LA,,
17202-43973,RB,Keith,,Smith,1,4,4500,DAL@NYG,DAL,NYG,,
17202-25554,RB,Nikita,,Whitlock,0,14,4500,DAL@NYG,NYG,DAL,O,Suspension
17202-29655,RB,Soma,,Vainuku,0,0,4500,HOU@IND,HOU,IND,,
17202-31703,RB,Malcolm,,Johnson,1.019999981,5,4500,SEA@GB,SEA,GB,,
17202-30684,RB,Brandon,,Wilds,0,0,4500,NYJ@SF,NYJ,SF,,
17202-72676,RB,Troymaine,,Pope,1.399999936,3,4500,SEA@GB,SEA,GB,,
17202-29672,RB,Silas,,Redd Jr.,0,0,4500,WAS@PHI,WAS,PHI,O,Suspension
17202-30298,TE,Jordan,,Reed,13.61111111,9,7500,WAS@PHI,WAS,PHI,Q,Shoulder - ac joint
17202-33557,TE,Tyler,,Eifert,10.53333346,6,6700,CIN@CLE,CIN,CLE,,
17202-11512,TE,Jimmy,,Graham,10.94999949,12,6600,SEA@GB,SEA,GB,,
17202-6914,TE,Greg,,Olsen,11.04166667,12,6400,SD@CAR,CAR,SD,,
17202-6863,TE,Delanie,,Walker,11.5,11,6200,DEN@TEN,TEN,DEN,,
17202-25272,TE,Eric,,Ebron,8.944444444,9,6000,CHI@DET,DET,CHI,,
17202-22047,TE,Ladarius,,Green,8.050000191,4,5800,PIT@BUF,PIT,BUF,,
17202-29780,TE,Zach,,Ertz,8.069999695,10,5700,WAS@PHI,PHI,WAS,,
17202-54782,TE,Cameron,,Brate,9.358333588,12,5600,NO@TB,TB,NO,,
17202-40845,TE,Hunter,,Henry,8,10,5500,SD@CAR,SD,CAR,,
17202-14237,TE,Kyle,,Rudolph,9.025000254,12,5500,MIN@JAC,MIN,JAC,,
17202-21971,TE,Coby,,Fleener,8.325000127,12,5300,NO@TB,NO,TB,,
17202-7965,TE,Antonio,,Gates,8.633332994,9,5200,SD@CAR,SD,CAR,,
17202-27908,TE,C.J.,,Fiedorowicz,7.316666921,12,5100,HOU@IND,HOU,IND,,
17202-6641,TE,Jason,,Witten,7.775000254,12,5100,DAL@NYG,DAL,NYG,,
17202-14317,TE,Julius,,Thomas,7.455555386,9,5100,MIN@JAC,JAC,MIN,Q,Back
17202-29725,TE,Levine,,Toilolo,3.911111196,9,4800,ATL@LA,ATL,LA,,
17202-22004,TE,Dwayne,,Allen,7.880000305,10,4800,HOU@IND,IND,HOU,,
17202-7761,TE,Jared,,Cook,5.066666603,6,4800,SEA@GB,GB,SEA,,
17202-6870,TE,Vernon,,Davis,7.245454268,11,4800,WAS@PHI,WAS,PHI,,
17202-14240,TE,Lance,,Kendricks,6.233333588,12,4800,ATL@LA,LA,ATL,,
17202-40126,TE,Austin,,Hooper,5.133333418,9,4700,ATL@LA,ATL,LA,,
17202-32045,TE,Vance,,McDonald,7.509999847,10,4700,NYJ@SF,SF,NYJ,,
17202-16923,TE,Austin,,Seferian-Jenkins,3.316666603,6,4600,NYJ@SF,NYJ,SF,,
17202-6742,TE,Brent,,Celek,2.366666635,6,4600,WAS@PHI,PHI,WAS,,
17202-14355,TE,Niles,,Paul,1.850000024,2,4500,WAS@PHI,WAS,PHI,IR,Shoulder
17202-28694,TE,Jesse,,James,5.066666603,12,4500,PIT@BUF,PIT,BUF,,
17202-27672,TE,Matt,,LaCosse,3.700000048,1,4500,DAL@NYG,NYG,DAL,IR,Knee
17202-14362,TE,Charles,,Clay,4.572727203,11,4500,PIT@BUF,BUF,PIT,,
17202-32807,TE,Anthony,,Denham,0,0,4500,WAS@PHI,PHI,WAS,,
17202-62505,TE,MyCole,,Pruitt,1.200000048,1,4500,MIN@JAC,MIN,JAC,,
17202-62515,TE,Neal,,Sterling,3.633333206,3,4500,MIN@JAC,JAC,MIN,Q,Hip
17202-14394,TE,Virgil,,Green,4.300000054,7,4500,DEN@TEN,DEN,TEN,,
17202-48224,TE,Wes,,Saxton,0,1,4500,WAS@PHI,WAS,PHI,,
17202-24720,TE,Braxton,,Deaver,0,0,4500,SD@CAR,CAR,SD,,
17202-25751,TE,Chris,,Pantale,0,0,4500,WAS@PHI,PHI,WAS,,
17202-62617,TE,Khari,,Lee,0,1,4500,CHI@DET,DET,CHI,,
17202-29854,TE,Kevin,,McDermott,0,16,4500,MIN@JAC,MIN,JAC,,
17202-11431,TE,Jermaine,,Gresham,4.325000127,12,4500,ARI@MIA,ARI,MIA,,
17202-32957,TE,Eric,,Tomlinson,0,0,4500,NYJ@SF,NYJ,SF,,
17202-62668,TE,John,,Peters,0,0,4500,CIN@CLE,CIN,CLE,,
17202-57556,TE,Jerome,,Cunningham,1.649999936,6,4500,DEN@TEN,TEN,DEN,,
17202-11488,TE,Ed,,Dickson,2.637500048,8,4500,SD@CAR,CAR,SD,,
17202-7394,TE,Brandon,,Pettigrew,2.314285823,7,4500,CHI@DET,DET,CHI,O,Knee - acl
17202-22754,TE,Garrett,,Celek,4.666666667,9,4500,NYJ@SF,SF,NYJ,,
17202-25827,TE,Asante,,Cleveland,0.600000024,1,4500,SD@CAR,SD,CAR,Q,Concussion
17202-24817,TE,Nick,,O'Leary,2.025000095,8,4500,PIT@BUF,BUF,PIT,,
17202-39153,TE,Ifeanyi,,Momah,2,3,4500,ARI@MIA,ARI,MIA,IR,Wrist
17202-11511,TE,Tony,,Moeaki,4.433333397,3,4500,CHI@DET,CHI,DET,,
17202-43260,TE,Darion,,Griswold,0,0,4500,HOU@IND,IND,HOU,,
17202-62718,TE,Daniel,,Brown,6.099999905,2,4500,CHI@DET,CHI,DET,,
17202-32000,TE,Luke,,Willson,1.614285742,7,4500,SEA@GB,SEA,GB,Q,Knee
17202-27918,TE,Henry,,Krieger-Coble,0,0,4500,DEN@TEN,DEN,TEN,,
17202-24847,TE,Will,,Tye,4.21666654,12,4500,DAL@NYG,NYG,DAL,,
17202-11538,TE,Garrett,,Graham,1.571428571,7,4500,DEN@TEN,DEN,TEN,,
17202-6422,TE,Gary,,Barnidge,6.233333588,12,4500,CIN@CLE,CLE,CIN,Q,Knee
17202-11543,TE,Clay,,Harbor,1.700000048,2,4500,CHI@DET,DET,CHI,,
17202-34073,TE,Ryan,,Griffin,5.116666794,12,4500,HOU@IND,HOU,IND,,
17202-11556,TE,Michael,,Hoomanawanui,2.910000038,10,4500,NO@TB,NO,TB,IR,Lower leg
17202-11562,TE,Andrew,,Quarless,1.699999968,3,4500,CHI@DET,DET,CHI,,
17202-22849,TE,Cory,,Harkey,0.849999984,6,4500,ATL@LA,LA,ATL,,
17202-48482,TE,David,,Morgan,0,0,4500,MIN@JAC,MIN,JAC,,
17202-11648,TE,Jim,,Dray,1.011111153,9,4500,PIT@BUF,BUF,PIT,,
17202-22920,TE,Derek,,Carrier,1,2,4500,WAS@PHI,WAS,PHI,,
17202-39305,TE,A.J.,,Derby,2.575000048,4,4500,DEN@TEN,DEN,TEN,,
17202-38301,TE,Darren,,Fells,2.449999968,6,4500,ARI@MIA,ARI,MIA,,
17202-45472,TE,Garrett,,Griffin,0,0,4500,NO@TB,NO,TB,,
17202-54694,TE,Justin,,Perillo,1.375,4,4500,CHI@DET,CHI,DET,,
17202-6567,TE,David,,Johnson,1.225000024,8,4500,PIT@BUF,PIT,BUF,,
17202-26038,TE,Tyler,,Kroft,2.366666635,6,4500,CIN@CLE,CIN,CLE,,
17202-33218,TE,Bryce,,Williams,0,0,4500,ATL@LA,LA,ATL,,
17202-6595,TE,Matt,,Spaeth,0.666666667,3,4500,PIT@BUF,PIT,BUF,,
17202-54742,TE,Scott,,Simonson,1.5,1,4500,SD@CAR,CAR,SD,,
17202-23003,TE,Phillip,,Supernaw,2.049999952,4,4500,DEN@TEN,TEN,DEN,Q,Concussion
17202-15838,TE,Erik,,Swoope,3.833333333,6,4500,HOU@IND,IND,HOU,,
17202-28126,TE,Paul,,Lang,0,0,4500,PIT@BUF,PIT,BUF,,
17202-31207,TE,C.J.,,Uzomah,4.633333206,6,4500,CIN@CLE,CIN,CLE,Q,Calf
17202-28144,TE,Dion,,Sims,3.955555386,9,4500,ARI@MIA,MIA,ARI,,
17202-39411,TE,Gavin,,Escobar,4.900000095,2,4500,DAL@NYG,DAL,NYG,,
17202-11766,TE,Jeff,,Cumberland,1.45714283,7,4500,SD@CAR,SD,CAR,IR,Achilles
17202-6664,TE,Jacob,,Tamme,6.25,8,4500,ATL@LA,ATL,LA,IR,Shoulder
17202-23055,TE,Brandon,,Bostick,1.066666683,6,4500,NYJ@SF,NYJ,SF,,
17202-6672,TE,Marcedes,,Lewis,3.290000153,10,4500,MIN@JAC,JAC,MIN,IR,Calf
17202-7706,TE,Chase,,Coffman,8.550000191,2,4500,HOU@IND,IND,HOU,,
17202-22051,TE,Orson,,Charles,0,0,4500,CHI@DET,DET,CHI,,
17202-22065,TE,Rhett,,Ellison,2.257142884,7,4500,MIN@JAC,MIN,JAC,,
17202-32309,TE,M.J.,,McFarland,0,0,4500,WAS@PHI,PHI,WAS,,
17202-39492,TE,Josh,,Hill,3.549999952,8,4500,NO@TB,NO,TB,O,Leg
17202-72262,TE,Nick,,Truesdell,0,0,4500,HOU@IND,IND,HOU,,
17202-18009,TE,Chris,,Manhertz,0,0,4500,SD@CAR,CAR,SD,,
17202-30297,TE,Trey,,Burton,3.879999924,10,4500,WAS@PHI,PHI,WAS,,
17202-29277,TE,Stephen,,Anderson,2.800000054,7,4500,HOU@IND,HOU,IND,,
17202-22123,TE,James,,Hanna,1.549999952,8,4500,DAL@NYG,DAL,NYG,NA,Knee
17202-7801,TE,Brandon,,Myers,2.149999936,6,4500,NO@TB,TB,NO,,
17202-6778,TE,Anthony,,Fasano,2.549999952,8,4500,DEN@TEN,TEN,DEN,,
17202-38523,TE,Geoff,,Swaim,1.649999936,6,4500,DAL@NYG,DAL,NYG,IR,Pectoral
17202-29314,TE,Richard,,Rodgers,3.672727411,11,4500,SEA@GB,GB,SEA,,
17202-21123,TE,Larry,,Donnell,3.450000127,6,4500,DAL@NYG,NYG,DAL,,
17202-33418,TE,Alan,,Cross,1.76666673,6,4500,NO@TB,TB,NO,,
17202-28311,TE,MarQueis,,Gray,2.933333397,6,4500,ARI@MIA,MIA,ARI,,
17202-6823,TE,John,,Phillips,3.25,4,4500,NO@TB,NO,TB,,
17202-46767,TE,Je'Ron,,Hamm,0,1,4500,NYJ@SF,SF,NYJ,,
17202-70335,TE,Seth,,DeValve,4.175000191,4,4500,CIN@CLE,CLE,CIN,,
17202-39615,TE,Brandon,,Williams,2.099999905,1,4500,SEA@GB,SEA,GB,,
17202-70342,TE,Temarrick,,Hemingway,0,0,4500,ATL@LA,LA,ATL,,
17202-22220,TE,Sean,,McGrath,1.166666667,3,4500,SD@CAR,SD,CAR,,
17202-33488,TE,Troy,,Niklas,0.25,2,4500,ARI@MIA,ARI,MIA,IR,Wrist
17202-22244,TE,Beau,,Brinkley,0,16,4500,DEN@TEN,TEN,DEN,,
17202-70373,TE,Mike,,Miller,0,0,4500,HOU@IND,IND,HOU,,
17202-7918,TE,Matthew,,Mulligan,0.699999988,1,4500,CHI@DET,DET,CHI,,
17202-45809,TE,Kivon,,Cartwright,0,0,4500,NO@TB,TB,NO,,
17202-33531,TE,Ben,,Koyack,3.160000038,5,4500,MIN@JAC,JAC,MIN,,
17202-38651,TE,Beau,,Sandland,0,0,4500,SEA@GB,GB,SEA,,
17202-39678,TE,E.J.,,Bibbs,0.600000024,2,4500,MIN@JAC,JAC,MIN,,
17202-47870,TE,Tyler,,Higbee,1.149999976,8,4500,ATL@LA,LA,ATL,,
17202-27403,TE,Blake,,Bell,0.5,4,4500,NYJ@SF,SF,NYJ,,
17202-25356,TE,Benson,,Browne,0,0,4500,ATL@LA,LA,ATL,,
17202-28437,TE,Danny,,Vitale,0.100000001,1,4500,CIN@CLE,CLE,CIN,,
17202-70423,TE,Anthony,,Norris,0,0,4500,DEN@TEN,DEN,TEN,,
17202-12055,TE,Logan,,Paulsen,0.428571429,7,4500,CHI@DET,CHI,DET,,
17202-29477,TE,Connor,,Hamlett,8.199999809,1,4500,CIN@CLE,CLE,CIN,,
17202-26411,TE,Ryan,,Malleck,0,0,4500,DAL@NYG,NYG,DAL,,
17202-70457,TE,Cole,,Wick,0.933333317,3,4500,CHI@DET,DET,CHI,IR,Knee
17202-28487,TE,Jeff,,Heuerman,1.933333397,3,4500,DEN@TEN,DEN,TEN,,
17202-70489,TE,Ben,,Braunecker,1.600000024,2,4500,CHI@DET,CHI,DET,,
17202-7001,TE,Kellen,,Davis,0,1,4500,NYJ@SF,NYJ,SF,IR,Elbow
17202-30598,TE,Busta,,Anderson,0,0,4500,CHI@DET,CHI,DET,,
17202-23435,TE,Andrew,,DePaola,0,16,4500,NO@TB,TB,NO,,
17202-29583,TE,Randall,,Telfer,0.066666668,3,4500,CIN@CLE,CLE,CIN,Q,Thumb
17202-28562,TE,Jake,,Stoneburner,6.400000254,3,4500,NO@TB,NO,TB,,
17202-29592,TE,Xavier,,Grimble,2.971428462,7,4500,PIT@BUF,PIT,BUF,,
17202-28570,TE,Nick,,Vannett,1.566666603,3,4500,SEA@GB,SEA,GB,,
17202-22433,TE,Dominique,,Jones,3.120000076,5,4500,ARI@MIA,MIA,ARI,,
17202-32674,TE,Jace,,Amaro,7.400000095,1,4500,DEN@TEN,TEN,DEN,,
17202-39859,TE,Jack,,Doyle,7.299999873,12,4500,HOU@IND,IND,HOU,,
17202-30654,TE,Jerell,,Adams,3.23333327,6,4500,DAL@NYG,NYG,DAL,,
17202-14274,TE,Rob,,Housler,1.060000038,5,4500,CHI@DET,CHI,DET,,
17202-30667,TE,Justice,,Cunningham,0,2,4500,ATL@LA,LA,ATL,,
17202-40913,TE,Thomas,,Duarte,0,0,4500,ARI@MIA,MIA,ARI,,
17202-14292,TE,Jordan,,Cameron,5.333333333,3,4500,ARI@MIA,MIA,ARI,IR,Concussion
17202-14304,TE,Luke,,Stocker,1.399999936,3,4500,NO@TB,TB,NO,Q,Ankle
17202-32384,WR,Mike,,Evans,17.31666692,12,8900,NO@TB,TB,NO,,
17202-11612,WR,Antonio,,Brown,18.00833384,12,8800,PIT@BUF,PIT,BUF,,
17202-31360,WR,Odell,,Beckham Jr.,15.41666667,12,8500,DAL@NYG,NYG,DAL,,
17202-14190,WR,Julio,,Jones,15.94166692,12,8300,ATL@LA,ATL,LA,Q,Toe
17202-11435,WR,Dez,,Bryant,13.10000017,9,7800,DAL@NYG,DAL,NYG,,
17202-22031,WR,T.Y.,,Hilton,14.44166692,12,7600,HOU@IND,IND,HOU,,
17202-14187,WR,A.J.,,Green,15.33999939,10,7500,CIN@CLE,CIN,CLE,O,Hamstring
17202-6759,WR,Brandon,,Marshall,9.633333206,12,7200,NYJ@SF,NYJ,SF,,
17202-16606,WR,DeAndre,,Hopkins,9.983333588,12,7100,HOU@IND,HOU,IND,,
17202-6893,WR,Jordy,,Nelson,14.97499975,12,7100,SEA@GB,GB,SEA,,
17202-14626,WR,Doug,,Baldwin,12.61666616,12,7000,SEA@GB,SEA,GB,,
17202-11432,WR,Demaryius,,Thomas,11.74166616,12,6900,DEN@TEN,DEN,TEN,,
17202-6535,WR,Kenny,,Britt,11.79166667,12,6900,ATL@LA,LA,ATL,,
17202-62535,WR,Tyrell,,Williams,12.18333308,12,6800,SD@CAR,SD,CAR,,
17202-24929,WR,Kelvin,,Benjamin,10.69999949,12,6800,SD@CAR,CAR,SD,,
17202-6883,WR,Larry,,Fitzgerald,13.54166667,12,6800,ARI@MIA,ARI,MIA,,
17202-33260,WR,DeVante,,Parker,8.936363914,11,6700,ARI@MIA,MIA,ARI,,
17202-15212,WR,Terrelle,,Pryor Sr.,12.68666712,12,6700,CIN@CLE,CLE,CIN,,
17202-25079,WR,Stefon,,Diggs,13.11000061,10,6600,MIN@JAC,MIN,JAC,,
17202-28573,WR,Michael,,Thomas,12.96666718,12,6600,NO@TB,NO,TB,,
17202-28643,WR,Allen,,Robinson,10.68333308,12,6600,MIN@JAC,JAC,MIN,,
17202-24755,WR,Jamison,,Crowder,12.79166667,12,6400,WAS@PHI,WAS,PHI,,
17202-45889,WR,Davante,,Adams,12.90000025,12,6400,SEA@GB,GB,SEA,,
17202-31561,WR,Donte,,Moncrief,11.08571407,7,6400,HOU@IND,IND,HOU,,
17202-11485,WR,Golden,,Tate,10.54166667,12,6300,CHI@DET,DET,CHI,,
17202-22288,WR,Cole,,Beasley,10.64166641,12,6300,DAL@NYG,DAL,NYG,,
17202-29501,WR,Brandin,,Cooks,13.53636308,11,6300,NO@TB,NO,TB,,
17202-22163,WR,Rishard,,Matthews,11.07499949,12,6200,DEN@TEN,TEN,DEN,,
17202-44449,WR,Willie,,Snead,10.87272713,11,6100,NO@TB,NO,TB,,
17202-31394,WR,Jarvis,,Landry,11.09999975,12,6100,ARI@MIA,MIA,ARI,,
17202-24641,WR,Sammy,,Watkins,6.025000095,4,6000,PIT@BUF,BUF,PIT,,
17202-39716,WR,Adam,,Thielen,9.066666921,12,6000,MIN@JAC,MIN,JAC,,
17202-14257,WR,Randall,,Cobb,10.31818182,11,6000,SEA@GB,GB,SEA,,
17202-30837,WR,Jordan,,Matthews,10.46363622,11,5900,WAS@PHI,PHI,WAS,Q,Ankle
17202-11505,WR,Emmanuel,,Sanders,11.84999975,12,5900,DEN@TEN,DEN,TEN,,
17202-22103,WR,Marvin,,Jones Jr.,10.75454573,11,5900,CHI@DET,DET,CHI,Q,Thigh
17202-11495,WR,Brandon,,LaFell,8.791666667,12,5800,CIN@CLE,CIN,CLE,,
17202-6739,WR,DeSean,,Jackson,9.263636502,11,5800,WAS@PHI,WAS,PHI,,
17202-40669,WR,Tyler,,Boyd,6.083333333,12,5700,CIN@CLE,CIN,CLE,,
17202-22018,WR,Mohamed,,Sanu,7.924999873,12,5600,ATL@LA,ATL,LA,Q,Groin
17202-31732,WR,Corey,,Coleman,9.799999873,6,5600,CIN@CLE,CLE,CIN,,
17202-14645,WR,Dontrelle,,Inman,7.96666654,12,5500,SD@CAR,SD,CAR,,
17202-27477,WR,Sterling,,Shepard,9.325000127,12,5500,DAL@NYG,NYG,DAL,,
17202-42028,WR,Will,,Fuller V,8.630000305,10,5400,HOU@IND,HOU,IND,,
17202-62538,WR,Cameron,,Meredith,7.919999695,10,5400,CHI@DET,CHI,DET,,
17202-30108,WR,Marquess,,Wilson,8.833333333,3,5400,CHI@DET,CHI,DET,Q,Groin
17202-54753,WR,Taylor,,Gabriel,10.03333367,9,5400,ATL@LA,ATL,LA,,
17202-32243,WR,Marquise,,Goodwin,6.640000153,10,5400,PIT@BUF,BUF,PIT,,
17202-6774,WR,Pierre,,Garcon,9.40833346,12,5400,WAS@PHI,WAS,PHI,,
17202-29593,WR,Marqise,,Lee,8.291666667,12,5400,MIN@JAC,JAC,MIN,,
17202-30775,WR,Justin,,Hunter,5.557143075,7,5300,PIT@BUF,BUF,PIT,,
17202-47523,WR,Tajae,,Sharpe,6.375,12,5300,DEN@TEN,TEN,DEN,,
17202-27457,WR,Kenny,,Stills,7.84166654,12,5300,ARI@MIA,MIA,ARI,,
17202-54606,WR,John,,Brown,5.672727411,11,5200,ARI@MIA,ARI,MIA,,
17202-6479,WR,Anquan,,Boldin,8.766666412,12,5200,CHI@DET,DET,CHI,,
17202-14349,WR,Jeremy,,Kerley,7.008333206,12,5100,NYJ@SF,SF,NYJ,,
17202-27050,WR,Tyler,,Lockett,5.724999746,12,5100,SEA@GB,SEA,GB,,
17202-22035,WR,Travis,,Benjamin,7.954545455,11,5100,SD@CAR,SD,CAR,,
17202-33244,WR,Eli,,Rogers,6.933333503,9,5000,PIT@BUF,PIT,BUF,,
17202-6768,WR,Eddie,,Royal,7.933333503,9,5000,CHI@DET,CHI,DET,Q,Toe
17202-29685,WR,Robert,,Woods,8.544444614,9,5000,PIT@BUF,BUF,PIT,Q,Knee
17202-30733,WR,Cordarrelle,,Patterson,6.349999746,12,4900,MIN@JAC,MIN,JAC,,
17202-34154,WR,J.J.,,Nelson,6.070000076,10,4900,ARI@MIA,ARI,MIA,,
17202-27134,WR,Dorial,,Green-Beckham,5.854545593,11,4900,WAS@PHI,PHI,WAS,Q,Ribs
17202-6704,WR,Percy,,Harvin,2.700000048,1,4900,PIT@BUF,BUF,PIT,O,Migraine
17202-22336,WR,Joshua,,Bellamy,3.388888889,9,4900,CHI@DET,CHI,DET,,
17202-26458,WR,Tavon,,Austin,8.109090632,11,4900,ATL@LA,LA,ATL,Q,Chest
17202-24671,WR,Adam,,Humphries,6.458333333,12,4800,NO@TB,TB,NO,Q,Concussion
17202-25760,WR,Allen,,Hurns,7.563636086,11,4800,MIN@JAC,JAC,MIN,Q,Hamstring
17202-21957,WR,Kendall,,Wright,7.733333164,9,4800,DEN@TEN,TEN,DEN,,
17202-27266,WR,Quincy,,Enunwa,9.275000254,12,4800,NYJ@SF,NYJ,SF,,
17202-29683,WR,Nelson,,Agholor,4.827272589,11,4800,WAS@PHI,PHI,WAS,,
17202-21952,WR,Michael,,Floyd,7.481818459,11,4700,ARI@MIA,ARI,MIA,,
17202-6627,WR,Ted,,Ginn Jr.,8.191666921,12,4700,SD@CAR,CAR,SD,,
17202-26251,WR,Robby,,Anderson,5.75,10,4700,NYJ@SF,NYJ,SF,,
17202-14288,WR,Torrey,,Smith,4.972727342,11,4700,NYJ@SF,SF,NYJ,,
17202-31836,WR,Terrance,,Williams,5.809091048,11,4600,DAL@NYG,DAL,NYG,,
17202-25813,WR,Phillip,,Dorsett,5.318181818,11,4600,HOU@IND,IND,HOU,,
17202-33137,WR,Justin,,Hardy,3.611111111,9,4600,ATL@LA,ATL,LA,,
17202-28080,WR,Devin,,Funchess,5.718181957,11,4600,SD@CAR,CAR,SD,,
17202-31241,WR,Sammie,,Coates,5.909090909,11,4600,PIT@BUF,PIT,BUF,,
17202-11999,WR,Victor,,Cruz,6.370000076,10,4600,DAL@NYG,NYG,DAL,,
17202-33552,WR,TJ,,Jones,6.400000095,1,4600,CHI@DET,DET,CHI,,
17202-28525,WR,Braxton,,Miller,2.339999962,10,4600,HOU@IND,HOU,IND,Q,Shoulder
17202-33703,WR,Ryan,,Grant,0.810000038,10,4600,WAS@PHI,WAS,PHI,,
17202-31748,WR,Levi,,Norwood,0,0,4500,PIT@BUF,PIT,BUF,,
17202-54280,WR,Duke,,Williams,0,0,4500,ATL@LA,LA,ATL,,
17202-24589,WR,Jaron,,Brown,5.03333346,6,4500,ARI@MIA,ARI,MIA,IR,Knee
17202-14358,WR,Dwayne,,Harris,0.483333349,12,4500,DAL@NYG,NYG,DAL,Q,Ankle
17202-14372,WR,Aldrick,,Robinson,3.211111069,9,4500,ATL@LA,ATL,LA,,
17202-24621,WR,Charone,,Peake,3.342857088,7,4500,NYJ@SF,NYJ,SF,,
17202-33840,WR,Keyarris,,Garrett,0,0,4500,SD@CAR,CAR,SD,,
17202-28735,WR,Daniel,,Anthrop,0,0,4500,HOU@IND,IND,HOU,,
17202-27771,WR,Cody,,Latimer,1.039999962,5,4500,DEN@TEN,DEN,TEN,,
17202-29821,WR,Jordan,,Payton,0.400000006,2,4500,CIN@CLE,CLE,CIN,,
17202-62600,WR,Joshua,,Stangby,0,0,4500,HOU@IND,IND,HOU,,
17202-25789,WR,Rashawn,,Scott,0,0,4500,ARI@MIA,MIA,ARI,,
17202-11457,WR,Arrelious,,Benn,2.512500048,8,4500,MIN@JAC,JAC,MIN,,
17202-62680,WR,Donteea,,Dye,2.470000076,10,4500,NO@TB,TB,NO,,
17202-34014,WR,Aaron,,Dobson,3.433333397,6,4500,CHI@DET,DET,CHI,,
17202-9442,WR,Brandon,,Tate,1.590909091,11,4500,PIT@BUF,BUF,PIT,,
17202-61666,WR,Jared,,Dangerfield,0,0,4500,NO@TB,NO,TB,,
17202-28907,WR,Alex,,Erickson,0.583333333,12,4500,CIN@CLE,CIN,CLE,,
17202-22767,WR,Brian,,Tyms,0,0,4500,HOU@IND,IND,HOU,,
17202-11504,WR,Andre,,Roberts,3.325000127,12,4500,CHI@DET,DET,CHI,,
17202-11522,WR,Marcus,,Easley,4.100000064,3,4500,PIT@BUF,BUF,PIT,NA,Kneecap
17202-34051,WR,Deshon,,Foxx,0,0,4500,SEA@GB,SEA,GB,,
17202-28933,WR,Jared,,Abbrederis,0.649999976,2,4500,SEA@GB,GB,SEA,,
17202-33037,WR,Kenbrell,,Thompkins,4.166666667,6,4500,NYJ@SF,NYJ,SF,,
17202-55577,WR,Hunter,,Sharp,0,0,4500,WAS@PHI,PHI,WAS,,
17202-53532,WR,Roger,,Lewis,3.600000109,7,4500,DAL@NYG,NYG,DAL,,
17202-24862,WR,Rashad,,Greene Sr.,0.462500006,8,4500,MIN@JAC,JAC,MIN,IR,Achilles
17202-25886,WR,Devin,,Street,1.25,2,4500,HOU@IND,IND,HOU,,
17202-45343,WR,Daniel,,Braverman,0,0,4500,CHI@DET,CHI,DET,,
17202-10531,WR,Jordan,,Norwood,2.816666603,12,4500,DEN@TEN,DEN,TEN,,
17202-30012,WR,Kevin,,Smith,1.933333397,3,4500,SEA@GB,SEA,GB,,
17202-27974,WR,Tevaun,,Smith,0,0,4500,HOU@IND,IND,HOU,,
17202-52560,WR,Geronimo,,Allison,2.825000048,4,4500,SEA@GB,GB,SEA,,
17202-32082,WR,Jordan,,Taylor,3.557142803,7,4500,DEN@TEN,DEN,TEN,,
17202-6488,WR,Dwayne,,Bowe,1.114285742,7,4500,CIN@CLE,CLE,CIN,,
17202-54621,WR,Walt,,Powell,3.028571538,7,4500,PIT@BUF,BUF,PIT,IR,Ankle
17202-54623,WR,Jeff,,Janis,2.377777735,9,4500,SEA@GB,GB,SEA,,
17202-11635,WR,Marc,,Mariani,0,12,4500,DEN@TEN,TEN,DEN,,
17202-54659,WR,Tony,,Washington,0.800000012,1,4500,MIN@JAC,JAC,MIN,,
17202-55694,WR,Mike,,Thomas,0,4,4500,ATL@LA,LA,ATL,,
17202-22938,WR,Rod,,Streater,1.611111111,9,4500,NYJ@SF,SF,NYJ,,
17202-41370,WR,Trevor,,Davis,0.987500012,8,4500,SEA@GB,GB,SEA,,
17202-29084,WR,Rashad,,Ross,0.649999976,2,4500,WAS@PHI,WAS,PHI,,
17202-54690,WR,Freddie,,Martino,4.949999809,4,4500,NO@TB,TB,NO,,
17202-22959,WR,Deonte,,Thompson,1.472727342,11,4500,CHI@DET,CHI,DET,,
17202-31157,WR,Cobi,,Hamilton,3.614285605,7,4500,PIT@BUF,PIT,BUF,,
17202-26045,WR,Leonte,,Carroo,2.079999924,5,4500,ARI@MIA,MIA,ARI,,
17202-39373,WR,Jaelen,,Strong,3.350000064,6,4500,HOU@IND,HOU,IND,Q,Ankle
17202-21972,WR,Brian,,Quick,7.066666921,12,4500,ATL@LA,LA,ATL,,
17202-31191,WR,Mekale,,McKay,0,0,4500,MIN@JAC,JAC,MIN,,
17202-6622,WR,Eric,,Weems,0,12,4500,ATL@LA,ATL,LA,,
17202-28131,WR,Keith,,Mumphery,2.200000048,1,4500,HOU@IND,HOU,IND,,
17202-26094,WR,Brandon,,Coleman,5.059999847,10,4500,NO@TB,NO,TB,,
17202-34288,WR,Rannell,,Hall,0,1,4500,CIN@CLE,CLE,CIN,IR,Leg
17202-14837,WR,Jeremy,,Ross,0,4,4500,NYJ@SF,NYJ,SF,,
17202-22010,WR,DeVier,,Posey,0,0,4500,DEN@TEN,DEN,TEN,,
17202-28157,WR,Bennie,,Fowler,3.75,8,4500,DEN@TEN,DEN,TEN,Q,Knee
17202-39427,WR,Quinton,,Patton,4.809091048,11,4500,NYJ@SF,SF,NYJ,,
17202-29201,WR,Maurice,,Harris,1.720000076,5,4500,WAS@PHI,WAS,PHI,,
17202-22034,WR,Chris,,Givens,3.792857034,14,4500,WAS@PHI,PHI,WAS,,
17202-30228,WR,Tyler,,Murphy,2.099999905,1,4500,ARI@MIA,MIA,ARI,,
17202-39445,WR,Brice,,Butler,3.590000153,10,4500,DAL@NYG,DAL,NYG,,
17202-39449,WR,Charles,,Johnson,2.089999962,10,4500,MIN@JAC,MIN,JAC,,
17202-31263,WR,Ricardo,,Louis,2.629999924,10,4500,CIN@CLE,CLE,CIN,,
17202-32287,WR,Cayleb,,Jones,0,0,4500,WAS@PHI,PHI,WAS,,
17202-22054,WR,Jarius,,Wright,3.299999952,2,4500,MIN@JAC,MIN,JAC,,
17202-22063,WR,Keshawn,,Martin,-2,1,4500,NYJ@SF,SF,NYJ,,
17202-25135,WR,Marcus,,Leak,0,0,4500,HOU@IND,IND,HOU,,
17202-29237,WR,Chris,,Harper,2.450000048,4,4500,NYJ@SF,SF,NYJ,,
17202-28226,WR,Aaron,,Burbridge,0.2,5,4500,NYJ@SF,SF,NYJ,,
17202-31308,WR,Quan,,Bray,0.966666698,6,4500,HOU@IND,IND,HOU,IR,Ankle
17202-28246,WR,Isaac,,Fruechte,0,0,4500,MIN@JAC,MIN,JAC,,
17202-31329,WR,Russell,,Shepard,5.300000191,8,4500,NO@TB,TB,NO,,
17202-12903,WR,Andrew,,Hawkins,4.683333397,12,4500,CIN@CLE,CLE,CIN,,
17202-7784,WR,Darrius,,Heyward-Bey,5.549999873,6,4500,PIT@BUF,PIT,BUF,Q,Foot
17202-29290,WR,Bryce,,Treggs,3.26666673,3,4500,WAS@PHI,PHI,WAS,,
17202-11890,WR,Bryan,,Walters,2.2,5,4500,MIN@JAC,JAC,MIN,,
17202-38514,WR,Kevin,,White,7.275000095,4,4500,CHI@DET,CHI,DET,IR,Lower leg
17202-33403,WR,Tevin,,Jones,0,0,4500,HOU@IND,HOU,IND,,
17202-25225,WR,Quinshad,,Davis,0,0,4500,CHI@DET,DET,CHI,,
17202-29327,WR,Bralon,,Addison,0,0,4500,CHI@DET,CHI,DET,,
17202-33424,WR,Mose,,Frazier,0,0,4500,NYJ@SF,SF,NYJ,,
17202-31378,WR,Kadron,,Boone,0,0,4500,DAL@NYG,NYG,DAL,,
17202-31380,WR,Paul,,Turner,11,1,4500,WAS@PHI,PHI,WAS,,
17202-29340,WR,Josh,,Huff,3.814285823,7,4500,NO@TB,TB,NO,,
17202-30385,WR,Marlon,,Brown,2.022222307,9,4500,DEN@TEN,DEN,TEN,,
17202-22198,WR,Brittan,,Golden,0.716666698,6,4500,ARI@MIA,ARI,MIA,,
17202-31417,WR,James,,Wright,1.774999976,8,4500,CIN@CLE,CIN,CLE,Q,Knee
17202-33473,WR,Chris,,Brown,0,0,4500,DAL@NYG,DAL,NYG,,
17202-22219,WR,Jermaine,,Kearse,4.933333397,12,4500,SEA@GB,SEA,GB,,
17202-30412,WR,Tavarres,,King,0.550000012,2,4500,DAL@NYG,NYG,DAL,,
17202-45791,WR,Rashard,,Higgins,1.337499976,8,4500,CIN@CLE,CLE,CIN,,
17202-32483,WR,Josh,,Boyce,0,0,4500,CIN@CLE,CLE,CIN,,
17202-70372,WR,Chester,,Rogers,2.110000038,10,4500,HOU@IND,IND,HOU,,
17202-28408,WR,Kyle,,Prater,0,0,4500,NO@TB,NO,TB,,
17202-45821,WR,Isaiah,,Burse,0,4,4500,SD@CAR,SD,CAR,,
17202-7953,WR,Vincent,,Jackson,4.959999847,5,4500,NO@TB,TB,NO,IR,Knee
17202-31524,WR,Cody,,Core,3.400000095,2,4500,CIN@CLE,CIN,CLE,,
17202-32551,WR,Kolby,,Listenbee,0,0,4500,PIT@BUF,BUF,PIT,O,Pelvis
17202-22317,WR,Brenton,,Bersin,1.200000048,1,4500,SD@CAR,CAR,SD,,
17202-70444,WR,Paul,,McRoberts,0,0,4500,ATL@LA,LA,ATL,,
17202-10030,WR,Harry,,Douglas,3.940000153,5,4500,DEN@TEN,TEN,DEN,,
17202-27439,WR,Durron,,Neal,0,0,4500,DEN@TEN,DEN,TEN,,
17202-43826,WR,Tommylee,,Lewis,1.524999976,8,4500,NO@TB,NO,TB,,
17202-32564,WR,Josh,,Doctson,3.799999952,2,4500,WAS@PHI,WAS,PHI,IR,Achilles
17202-29500,WR,Markus,,Wheaton,5.03333346,3,4500,PIT@BUF,PIT,BUF,IR,Shoulder
17202-28486,WR,Corey,,Brown,3.00909077,11,4500,SD@CAR,CAR,SD,,
17202-41806,WR,Laquon,,Treadwell,0.5,4,4500,MIN@JAC,MIN,JAC,,
17202-47953,WR,Lucky,,Whitehead,0.966666698,12,4500,DAL@NYG,DAL,NYG,,
17202-28502,WR,Devin,,Smith,2.857142857,7,4500,NYJ@SF,NYJ,SF,,
17202-25463,WR,Canaan,,Severin,0,0,4500,PIT@BUF,PIT,BUF,IR,Undisclosed
17202-32632,WR,Bradley,,Marquez,0.771428585,7,4500,ATL@LA,LA,ATL,,
17202-38790,WR,Jalin,,Marshall,2.388888889,9,4500,NYJ@SF,NYJ,SF,Q,Concussion
17202-70553,WR,Kieran,,Duncan,0,0,4500,CHI@DET,CHI,DET,,
17202-70557,WR,Jake,,Lampman,0,0,4500,NO@TB,NO,TB,,
17202-22447,WR,Griff,,Whalen,0.800000012,4,4500,SD@CAR,SD,CAR,,
17202-30652,WR,Tanner,,McEvoy,3.00333341,6,4500,SEA@GB,SEA,GB,,
17202-32703,WR,Jakeem,,Grant,0.4,10,4500,ARI@MIA,MIA,ARI,,
17202-14277,WR,Vincent,,Brown,2.700000048,1,4500,NO@TB,NO,TB,,
17202-33733,WR,Xavier,,Rush,0,0,4500,WAS@PHI,PHI,WAS,,
17202-30678,WR,Damiere,,Byrd,0,0,4500,SD@CAR,CAR,SD,,
17202-14297,WR,Greg,,Salas,8.449999809,2,4500,PIT@BUF,BUF,PIT,,
17202-14307,WR,Cecil,,Shorts III,2.957142966,7,4500,NO@TB,TB,NO,IR,Knee
17202-40932,WR,Pharoh,,Cooper,0.939999962,5,4500,ATL@LA,LA,ATL,,
17202-26598,WR,Nelson,,Spruce,0,0,4500,ATL@LA,LA,ATL,IR,Calf
17202-26610,WR,Paul,,Richardson,2.710000038,10,4500,SEA@GB,SEA,GB,Q,Hamstring